Id,Condition,Dominant,TimeInsideGazeBounds,TimeOutsideGazeBounds,TotalTime,PercentageInsideGazeBounds,PercentageOutsideGazeBounds,,,,,,,,,,,,,,,,,,,,,
3,Angled90,P2,TRUE,60.4371,129.7642,190.2013,31.77533,68.22467,,TimeInsideGazeBounds,Angled90,60.4371,,TimeOutsideGazeBounds,Angled90,129.7642,,TotalTime,Angled90,190.2013,,PercentageInsideGazeBounds,Angled90,31.77533,,PercentageOutsideGazeBounds,Angled90,68.22467
4,Angled90,P2,TRUE,67.34222,122.8342,190.1765,35.41039,64.58961,,TimeInsideGazeBounds,Angled90,67.34222,,TimeOutsideGazeBounds,Angled90,122.8342,,TotalTime,Angled90,190.1765,,PercentageInsideGazeBounds,Angled90,35.41039,,PercentageOutsideGazeBounds,Angled90,64.58961
5,Angled90,P2,TRUE,69.93451,168.8175,238.752,29.29169,70.70831,,TimeInsideGazeBounds,Angled90,69.93451,,TimeOutsideGazeBounds,Angled90,168.8175,,TotalTime,Angled90,238.752,,PercentageInsideGazeBounds,Angled90,29.29169,,PercentageOutsideGazeBounds,Angled90,70.70831
6,Angled90,P2,TRUE,65.08936,173.3403,238.4297,27.29918,72.70082,,TimeInsideGazeBounds,Angled90,65.08936,,TimeOutsideGazeBounds,Angled90,173.3403,,TotalTime,Angled90,238.4297,,PercentageInsideGazeBounds,Angled90,27.29918,,PercentageOutsideGazeBounds,Angled90,72.70082
7,Angled90,P2,TRUE,48.35355,110.8442,159.1978,30.37325,69.62675,,TimeInsideGazeBounds,Angled90,48.35355,,TimeOutsideGazeBounds,Angled90,110.8442,,TotalTime,Angled90,159.1978,,PercentageInsideGazeBounds,Angled90,30.37325,,PercentageOutsideGazeBounds,Angled90,69.62675
8,Angled90,P2,TRUE,89.42661,69.51251,158.9391,56.26469,43.73531,,TimeInsideGazeBounds,Angled90,89.42661,,TimeOutsideGazeBounds,Angled90,69.51251,,TotalTime,Angled90,158.9391,,PercentageInsideGazeBounds,Angled90,56.26469,,PercentageOutsideGazeBounds,Angled90,43.73531
9,Angled90,P2,TRUE,27.10332,63.52661,90.62993,29.90548,70.09452,,TimeInsideGazeBounds,Angled90,27.10332,,TimeOutsideGazeBounds,Angled90,63.52661,,TotalTime,Angled90,90.62993,,PercentageInsideGazeBounds,Angled90,29.90548,,PercentageOutsideGazeBounds,Angled90,70.09452
10,Angled90,P2,TRUE,30.83588,59.5609,90.39677,34.1117,65.8883,,TimeInsideGazeBounds,Angled90,30.83588,,TimeOutsideGazeBounds,Angled90,59.5609,,TotalTime,Angled90,90.39677,,PercentageInsideGazeBounds,Angled90,34.1117,,PercentageOutsideGazeBounds,Angled90,65.8883
11,Angled90,P2,TRUE,33.80115,173.882,207.6831,16.27535,83.72466,,TimeInsideGazeBounds,Angled90,33.80115,,TimeOutsideGazeBounds,Angled90,173.882,,TotalTime,Angled90,207.6831,,PercentageInsideGazeBounds,Angled90,16.27535,,PercentageOutsideGazeBounds,Angled90,83.72466
12,Angled90,P2,TRUE,95.65308,111.9314,207.5845,46.07911,53.92089,,TimeInsideGazeBounds,Angled90,95.65308,,TimeOutsideGazeBounds,Angled90,111.9314,,TotalTime,Angled90,207.5845,,PercentageInsideGazeBounds,Angled90,46.07911,,PercentageOutsideGazeBounds,Angled90,53.92089
13,Angled90,P2,TRUE,88.82199,150.0215,238.8435,37.18837,62.81163,,TimeInsideGazeBounds,Angled90,88.82199,,TimeOutsideGazeBounds,Angled90,150.0215,,TotalTime,Angled90,238.8435,,PercentageInsideGazeBounds,Angled90,37.18837,,PercentageOutsideGazeBounds,Angled90,62.81163
14,Angled90,P2,TRUE,98.90195,139.5225,238.4245,41.48146,58.51854,,TimeInsideGazeBounds,Angled90,98.90195,,TimeOutsideGazeBounds,Angled90,139.5225,,TotalTime,Angled90,238.4245,,PercentageInsideGazeBounds,Angled90,41.48146,,PercentageOutsideGazeBounds,Angled90,58.51854
15,Angled90,P2,TRUE,85.63269,87.38686,173.0195,49.49307,50.50693,,TimeInsideGazeBounds,Angled90,85.63269,,TimeOutsideGazeBounds,Angled90,87.38686,,TotalTime,Angled90,173.0195,,PercentageInsideGazeBounds,Angled90,49.49307,,PercentageOutsideGazeBounds,Angled90,50.50693
16,Angled90,P2,TRUE,82.1537,90.7757,172.9294,47.50708,52.49292,,TimeInsideGazeBounds,Angled90,82.1537,,TimeOutsideGazeBounds,Angled90,90.7757,,TotalTime,Angled90,172.9294,,PercentageInsideGazeBounds,Angled90,47.50708,,PercentageOutsideGazeBounds,Angled90,52.49292
17,Angled90,P2,TRUE,38.88052,92.46817,131.3487,29.601,70.399,,TimeInsideGazeBounds,Angled90,38.88052,,TimeOutsideGazeBounds,Angled90,92.46817,,TotalTime,Angled90,131.3487,,PercentageInsideGazeBounds,Angled90,29.601,,PercentageOutsideGazeBounds,Angled90,70.399
18,Angled90,P2,TRUE,63.17947,68.55225,131.7317,47.96071,52.03929,,TimeInsideGazeBounds,Angled90,63.17947,,TimeOutsideGazeBounds,Angled90,68.55225,,TotalTime,Angled90,131.7317,,PercentageInsideGazeBounds,Angled90,47.96071,,PercentageOutsideGazeBounds,Angled90,52.03929
19,Angled90,P2,TRUE,123.799,115.4775,239.2765,51.7389,48.2611,,TimeInsideGazeBounds,Angled90,123.799,,TimeOutsideGazeBounds,Angled90,115.4775,,TotalTime,Angled90,239.2765,,PercentageInsideGazeBounds,Angled90,51.7389,,PercentageOutsideGazeBounds,Angled90,48.2611
20,Angled90,P2,TRUE,80.2973,158.8915,239.1888,33.57067,66.42933,,TimeInsideGazeBounds,Angled90,80.2973,,TimeOutsideGazeBounds,Angled90,158.8915,,TotalTime,Angled90,239.1888,,PercentageInsideGazeBounds,Angled90,33.57067,,PercentageOutsideGazeBounds,Angled90,66.42933
21,Angled90,P2,TRUE,49.43307,55.04541,104.4785,47.31412,52.68588,,TimeInsideGazeBounds,Angled90,49.43307,,TimeOutsideGazeBounds,Angled90,55.04541,,TotalTime,Angled90,104.4785,,PercentageInsideGazeBounds,Angled90,47.31412,,PercentageOutsideGazeBounds,Angled90,52.68588
22,Angled90,P2,TRUE,55.29739,49.09995,104.3973,52.9682,47.0318,,TimeInsideGazeBounds,Angled90,55.29739,,TimeOutsideGazeBounds,Angled90,49.09995,,TotalTime,Angled90,104.3973,,PercentageInsideGazeBounds,Angled90,52.9682,,PercentageOutsideGazeBounds,Angled90,47.0318
23,Angled90,P2,TRUE,81.70313,74.0235,155.7266,52.46574,47.53426,,TimeInsideGazeBounds,Angled90,81.70313,,TimeOutsideGazeBounds,Angled90,74.0235,,TotalTime,Angled90,155.7266,,PercentageInsideGazeBounds,Angled90,52.46574,,PercentageOutsideGazeBounds,Angled90,47.53426
24,Angled90,P2,TRUE,64.90866,90.97812,155.8868,41.63834,58.36166,,TimeInsideGazeBounds,Angled90,64.90866,,TimeOutsideGazeBounds,Angled90,90.97812,,TotalTime,Angled90,155.8868,,PercentageInsideGazeBounds,Angled90,41.63834,,PercentageOutsideGazeBounds,Angled90,58.36166
3,CoupledView,P2,TRUE,60.86237,80.36075,141.2231,43.0966,56.9034,,TimeInsideGazeBounds,CoupledView,60.86237,,TimeOutsideGazeBounds,CoupledView,80.36075,,TimeOutsideGazeBounds,CoupledView,141.2231,,TimeOutsideGazeBounds,CoupledView,43.0966,,TimeOutsideGazeBounds,CoupledView,56.9034
4,CoupledView,P2,TRUE,103.9963,37.54022,141.5366,73.47666,26.52334,,TimeInsideGazeBounds,CoupledView,103.9963,,TimeOutsideGazeBounds,CoupledView,37.54022,,TimeOutsideGazeBounds,CoupledView,141.5366,,TimeOutsideGazeBounds,CoupledView,73.47666,,TimeOutsideGazeBounds,CoupledView,26.52334
5,CoupledView,P2,TRUE,95.58551,133.463,229.0485,41.73157,58.26843,,TimeInsideGazeBounds,CoupledView,95.58551,,TimeOutsideGazeBounds,CoupledView,133.463,,TimeOutsideGazeBounds,CoupledView,229.0485,,TimeOutsideGazeBounds,CoupledView,41.73157,,TimeOutsideGazeBounds,CoupledView,58.26843
6,CoupledView,P2,TRUE,118.0255,110.3788,228.4044,51.67394,48.32606,,TimeInsideGazeBounds,CoupledView,118.0255,,TimeOutsideGazeBounds,CoupledView,110.3788,,TimeOutsideGazeBounds,CoupledView,228.4044,,TimeOutsideGazeBounds,CoupledView,51.67394,,TimeOutsideGazeBounds,CoupledView,48.32606
7,CoupledView,P2,TRUE,94.19708,115.8718,210.0689,44.84104,55.15896,,TimeInsideGazeBounds,CoupledView,94.19708,,TimeOutsideGazeBounds,CoupledView,115.8718,,TimeOutsideGazeBounds,CoupledView,210.0689,,TimeOutsideGazeBounds,CoupledView,44.84104,,TimeOutsideGazeBounds,CoupledView,55.15896
8,CoupledView,P2,TRUE,83.93629,126.1313,210.0676,39.9568,60.0432,,TimeInsideGazeBounds,CoupledView,83.93629,,TimeOutsideGazeBounds,CoupledView,126.1313,,TimeOutsideGazeBounds,CoupledView,210.0676,,TimeOutsideGazeBounds,CoupledView,39.9568,,TimeOutsideGazeBounds,CoupledView,60.0432
,,,,,,,,,,,CoupledView,,,TimeOutsideGazeBounds,CoupledView,,,TimeOutsideGazeBounds,CoupledView,,,TimeOutsideGazeBounds,CoupledView,,,TimeOutsideGazeBounds,CoupledView,
9,CoupledView,P2,TRUE,39.48579,100.8501,140.3359,28.13663,71.86337,,TimeInsideGazeBounds,CoupledView,39.48579,,TimeOutsideGazeBounds,CoupledView,100.8501,,TimeOutsideGazeBounds,CoupledView,140.3359,,TimeOutsideGazeBounds,CoupledView,28.13663,,TimeOutsideGazeBounds,CoupledView,71.86337
10,CoupledView,P2,TRUE,,,,,,,,CoupledView,,,TimeOutsideGazeBounds,CoupledView,,,TimeOutsideGazeBounds,CoupledView,,,TimeOutsideGazeBounds,CoupledView,,,TimeOutsideGazeBounds,CoupledView,
10,CoupledView,P2,TRUE,59.62151,80.59161,140.2131,42.52206,57.47794,,TimeInsideGazeBounds,CoupledView,59.62151,,TimeOutsideGazeBounds,CoupledView,80.59161,,TimeOutsideGazeBounds,CoupledView,140.2131,,TimeOutsideGazeBounds,CoupledView,42.52206,,TimeOutsideGazeBounds,CoupledView,57.47794
11,CoupledView,P2,TRUE,34.90179,162.5134,197.4152,17.67939,82.32061,,TimeInsideGazeBounds,CoupledView,34.90179,,TimeOutsideGazeBounds,CoupledView,162.5134,,TimeOutsideGazeBounds,CoupledView,197.4152,,TimeOutsideGazeBounds,CoupledView,17.67939,,TimeOutsideGazeBounds,CoupledView,82.32061
12,CoupledView,P2,TRUE,69.98309,127.2348,197.2179,35.48516,64.51484,,TimeInsideGazeBounds,CoupledView,69.98309,,TimeOutsideGazeBounds,CoupledView,127.2348,,TimeOutsideGazeBounds,CoupledView,197.2179,,TimeOutsideGazeBounds,CoupledView,35.48516,,TimeOutsideGazeBounds,CoupledView,64.51484
13,CoupledView,P2,TRUE,47.98337,63.29059,111.274,43.12183,56.87817,,TimeInsideGazeBounds,CoupledView,47.98337,,TimeOutsideGazeBounds,CoupledView,63.29059,,TimeOutsideGazeBounds,CoupledView,111.274,,TimeOutsideGazeBounds,CoupledView,43.12183,,TimeOutsideGazeBounds,CoupledView,56.87817
14,CoupledView,P2,TRUE,42.68356,68.43311,111.1167,38.41328,61.58672,,TimeInsideGazeBounds,CoupledView,42.68356,,TimeOutsideGazeBounds,CoupledView,68.43311,,TimeOutsideGazeBounds,CoupledView,111.1167,,TimeOutsideGazeBounds,CoupledView,38.41328,,TimeOutsideGazeBounds,CoupledView,61.58672
15,CoupledView,P2,TRUE,39.10526,86.58121,125.6865,31.11334,68.88666,,TimeInsideGazeBounds,CoupledView,39.10526,,TimeOutsideGazeBounds,CoupledView,86.58121,,TimeOutsideGazeBounds,CoupledView,125.6865,,TimeOutsideGazeBounds,CoupledView,31.11334,,TimeOutsideGazeBounds,CoupledView,68.88666
16,CoupledView,P2,TRUE,55.74506,69.94128,125.6863,44.35252,55.64748,,TimeInsideGazeBounds,CoupledView,55.74506,,TimeOutsideGazeBounds,CoupledView,69.94128,,TimeOutsideGazeBounds,CoupledView,125.6863,,TimeOutsideGazeBounds,CoupledView,44.35252,,TimeOutsideGazeBounds,CoupledView,55.64748
17,CoupledView,P2,TRUE,103.2047,135.7142,238.9189,43.19654,56.80346,,TimeInsideGazeBounds,CoupledView,103.2047,,TimeOutsideGazeBounds,CoupledView,135.7142,,TimeOutsideGazeBounds,CoupledView,238.9189,,TimeOutsideGazeBounds,CoupledView,43.19654,,TimeOutsideGazeBounds,CoupledView,56.80346
18,CoupledView,P2,TRUE,138.4706,100.6059,239.0765,57.91896,42.08104,,TimeInsideGazeBounds,CoupledView,138.4706,,TimeOutsideGazeBounds,CoupledView,100.6059,,TimeOutsideGazeBounds,CoupledView,239.0765,,TimeOutsideGazeBounds,CoupledView,57.91896,,TimeOutsideGazeBounds,CoupledView,42.08104
19,CoupledView,P2,TRUE,40.70868,87.70517,128.4138,31.70116,68.29884,,TimeInsideGazeBounds,CoupledView,40.70868,,TimeOutsideGazeBounds,CoupledView,87.70517,,TimeOutsideGazeBounds,CoupledView,128.4138,,TimeOutsideGazeBounds,CoupledView,31.70116,,TimeOutsideGazeBounds,CoupledView,68.29884
20,CoupledView,P2,TRUE,55.66739,72.51788,128.1853,43.42729,56.57271,,TimeInsideGazeBounds,CoupledView,55.66739,,TimeOutsideGazeBounds,CoupledView,72.51788,,TimeOutsideGazeBounds,CoupledView,128.1853,,TimeOutsideGazeBounds,CoupledView,43.42729,,TimeOutsideGazeBounds,CoupledView,56.57271
21,CoupledView,P2,TRUE,26.32928,47.56155,73.89084,35.63268,64.36732,,TimeInsideGazeBounds,CoupledView,26.32928,,TimeOutsideGazeBounds,CoupledView,47.56155,,TimeOutsideGazeBounds,CoupledView,73.89084,,TimeOutsideGazeBounds,CoupledView,35.63268,,TimeOutsideGazeBounds,CoupledView,64.36732
22,CoupledView,P2,TRUE,45.88098,27.99121,73.87219,62.1086,37.8914,,TimeInsideGazeBounds,CoupledView,45.88098,,TimeOutsideGazeBounds,CoupledView,27.99121,,TimeOutsideGazeBounds,CoupledView,73.87219,,TimeOutsideGazeBounds,CoupledView,62.1086,,TimeOutsideGazeBounds,CoupledView,37.8914
23,CoupledView,P2,TRUE,76.48737,87.13757,163.6249,46.74554,53.25446,,TimeInsideGazeBounds,CoupledView,76.48737,,TimeOutsideGazeBounds,CoupledView,87.13757,,TimeOutsideGazeBounds,CoupledView,163.6249,,TimeOutsideGazeBounds,CoupledView,46.74554,,TimeOutsideGazeBounds,CoupledView,53.25446
24,CoupledView,P2,TRUE,63.0199,100.5426,163.5625,38.52955,61.47045,,TimeInsideGazeBounds,CoupledView,63.0199,,TimeOutsideGazeBounds,CoupledView,100.5426,,TimeOutsideGazeBounds,CoupledView,163.5625,,TimeOutsideGazeBounds,CoupledView,38.52955,,TimeOutsideGazeBounds,CoupledView,61.47045
3,FacetoFaceIntersect,P2,TRUE,22.09637,141.3189,163.4153,13.52161,86.47839,,TimeInsideGazeBounds,FacetoFaceIntersect,22.09637,,TimeOutsideGazeBounds,FacetoFaceIntersect,141.3189,,TimeOutsideGazeBounds,FacetoFaceIntersect,163.4153,,TimeOutsideGazeBounds,FacetoFaceIntersect,13.52161,,TimeOutsideGazeBounds,FacetoFaceIntersect,86.47839
4,FacetoFaceIntersect,P2,TRUE,89.18207,74.53018,163.7122,54.47489,45.52511,,TimeInsideGazeBounds,FacetoFaceIntersect,89.18207,,TimeOutsideGazeBounds,FacetoFaceIntersect,74.53018,,TimeOutsideGazeBounds,FacetoFaceIntersect,163.7122,,TimeOutsideGazeBounds,FacetoFaceIntersect,54.47489,,TimeOutsideGazeBounds,FacetoFaceIntersect,45.52511
5,FacetoFaceIntersect,P2,TRUE,63.68069,122.6649,186.3456,34.17344,65.82657,,TimeInsideGazeBounds,FacetoFaceIntersect,63.68069,,TimeOutsideGazeBounds,FacetoFaceIntersect,122.6649,,TimeOutsideGazeBounds,FacetoFaceIntersect,186.3456,,TimeOutsideGazeBounds,FacetoFaceIntersect,34.17344,,TimeOutsideGazeBounds,FacetoFaceIntersect,65.82657
6,FacetoFaceIntersect,P2,TRUE,44.98297,141.1064,186.0894,24.17278,75.82722,,TimeInsideGazeBounds,FacetoFaceIntersect,44.98297,,TimeOutsideGazeBounds,FacetoFaceIntersect,141.1064,,TimeOutsideGazeBounds,FacetoFaceIntersect,186.0894,,TimeOutsideGazeBounds,FacetoFaceIntersect,24.17278,,TimeOutsideGazeBounds,FacetoFaceIntersect,75.82722
7,FacetoFaceIntersect,P2,TRUE,29.8295,129.6564,159.4859,18.70353,81.29647,,TimeInsideGazeBounds,FacetoFaceIntersect,29.8295,,TimeOutsideGazeBounds,FacetoFaceIntersect,129.6564,,TimeOutsideGazeBounds,FacetoFaceIntersect,159.4859,,TimeOutsideGazeBounds,FacetoFaceIntersect,18.70353,,TimeOutsideGazeBounds,FacetoFaceIntersect,81.29647
8,FacetoFaceIntersect,P2,TRUE,71.21277,87.77551,158.9883,44.79121,55.20879,,TimeInsideGazeBounds,FacetoFaceIntersect,71.21277,,TimeOutsideGazeBounds,FacetoFaceIntersect,87.77551,,TimeOutsideGazeBounds,FacetoFaceIntersect,158.9883,,TimeOutsideGazeBounds,FacetoFaceIntersect,44.79121,,TimeOutsideGazeBounds,FacetoFaceIntersect,55.20879
9,FacetoFaceIntersect,P2,TRUE,38.26941,86.41437,124.6838,30.69317,69.30682,,TimeInsideGazeBounds,FacetoFaceIntersect,38.26941,,TimeOutsideGazeBounds,FacetoFaceIntersect,86.41437,,TimeOutsideGazeBounds,FacetoFaceIntersect,124.6838,,TimeOutsideGazeBounds,FacetoFaceIntersect,30.69317,,TimeOutsideGazeBounds,FacetoFaceIntersect,69.30682
10,FacetoFaceIntersect,P2,TRUE,58.70392,66.16022,124.8641,47.01424,52.98576,,TimeInsideGazeBounds,FacetoFaceIntersect,58.70392,,TimeOutsideGazeBounds,FacetoFaceIntersect,66.16022,,TimeOutsideGazeBounds,FacetoFaceIntersect,124.8641,,TimeOutsideGazeBounds,FacetoFaceIntersect,47.01424,,TimeOutsideGazeBounds,FacetoFaceIntersect,52.98576
11,FacetoFaceIntersect,P2,TRUE,29.56494,100.5582,130.1231,22.72074,77.27926,,TimeInsideGazeBounds,FacetoFaceIntersect,29.56494,,TimeOutsideGazeBounds,FacetoFaceIntersect,100.5582,,TimeOutsideGazeBounds,FacetoFaceIntersect,130.1231,,TimeOutsideGazeBounds,FacetoFaceIntersect,22.72074,,TimeOutsideGazeBounds,FacetoFaceIntersect,77.27926
12,FacetoFaceIntersect,P2,TRUE,60.71182,69.51193,130.2238,46.62116,53.37884,,TimeInsideGazeBounds,FacetoFaceIntersect,60.71182,,TimeOutsideGazeBounds,FacetoFaceIntersect,69.51193,,TimeOutsideGazeBounds,FacetoFaceIntersect,130.2238,,TimeOutsideGazeBounds,FacetoFaceIntersect,46.62116,,TimeOutsideGazeBounds,FacetoFaceIntersect,53.37884
13,FacetoFaceIntersect,P2,TRUE,45.07779,116.173,161.2508,27.95508,72.04492,,TimeInsideGazeBounds,FacetoFaceIntersect,45.07779,,TimeOutsideGazeBounds,FacetoFaceIntersect,116.173,,TimeOutsideGazeBounds,FacetoFaceIntersect,161.2508,,TimeOutsideGazeBounds,FacetoFaceIntersect,27.95508,,TimeOutsideGazeBounds,FacetoFaceIntersect,72.04492
14,FacetoFaceIntersect,P2,TRUE,106.1506,55.07391,161.2245,65.84024,34.15976,,TimeInsideGazeBounds,FacetoFaceIntersect,106.1506,,TimeOutsideGazeBounds,FacetoFaceIntersect,55.07391,,TimeOutsideGazeBounds,FacetoFaceIntersect,161.2245,,TimeOutsideGazeBounds,FacetoFaceIntersect,65.84024,,TimeOutsideGazeBounds,FacetoFaceIntersect,34.15976
15,FacetoFaceIntersect,P2,TRUE,45.6377,126.8532,172.4909,26.45802,73.54198,,TimeInsideGazeBounds,FacetoFaceIntersect,45.6377,,TimeOutsideGazeBounds,FacetoFaceIntersect,126.8532,,TimeOutsideGazeBounds,FacetoFaceIntersect,172.4909,,TimeOutsideGazeBounds,FacetoFaceIntersect,26.45802,,TimeOutsideGazeBounds,FacetoFaceIntersect,73.54198
16,FacetoFaceIntersect,P2,TRUE,68.10965,104.1212,172.2309,39.54555,60.45445,,TimeInsideGazeBounds,FacetoFaceIntersect,68.10965,,TimeOutsideGazeBounds,FacetoFaceIntersect,104.1212,,TimeOutsideGazeBounds,FacetoFaceIntersect,172.2309,,TimeOutsideGazeBounds,FacetoFaceIntersect,39.54555,,TimeOutsideGazeBounds,FacetoFaceIntersect,60.45445
17,FacetoFaceIntersect,P2,TRUE,78.9892,84.86951,163.8587,48.20568,51.79432,,TimeInsideGazeBounds,FacetoFaceIntersect,78.9892,,TimeOutsideGazeBounds,FacetoFaceIntersect,84.86951,,TimeOutsideGazeBounds,FacetoFaceIntersect,163.8587,,TimeOutsideGazeBounds,FacetoFaceIntersect,48.20568,,TimeOutsideGazeBounds,FacetoFaceIntersect,51.79432
18,FacetoFaceIntersect,P2,TRUE,88.98798,75.22186,164.2098,54.19162,45.80838,,TimeInsideGazeBounds,FacetoFaceIntersect,88.98798,,TimeOutsideGazeBounds,FacetoFaceIntersect,75.22186,,TimeOutsideGazeBounds,FacetoFaceIntersect,164.2098,,TimeOutsideGazeBounds,FacetoFaceIntersect,54.19162,,TimeOutsideGazeBounds,FacetoFaceIntersect,45.80838
19,FacetoFaceIntersect,P2,TRUE,33.52768,200.4275,233.9552,14.33081,85.66919,,TimeInsideGazeBounds,FacetoFaceIntersect,33.52768,,TimeOutsideGazeBounds,FacetoFaceIntersect,200.4275,,TimeOutsideGazeBounds,FacetoFaceIntersect,233.9552,,TimeOutsideGazeBounds,FacetoFaceIntersect,14.33081,,TimeOutsideGazeBounds,FacetoFaceIntersect,85.66919
20,FacetoFaceIntersect,P2,TRUE,75.09549,157.7355,232.831,32.25322,67.74679,,TimeInsideGazeBounds,FacetoFaceIntersect,75.09549,,TimeOutsideGazeBounds,FacetoFaceIntersect,157.7355,,TimeOutsideGazeBounds,FacetoFaceIntersect,232.831,,TimeOutsideGazeBounds,FacetoFaceIntersect,32.25322,,TimeOutsideGazeBounds,FacetoFaceIntersect,67.74679
21,FacetoFaceIntersect,P2,TRUE,79.86353,148.4061,228.2697,34.98648,65.01352,,TimeInsideGazeBounds,FacetoFaceIntersect,79.86353,,TimeOutsideGazeBounds,FacetoFaceIntersect,148.4061,,TimeOutsideGazeBounds,FacetoFaceIntersect,228.2697,,TimeOutsideGazeBounds,FacetoFaceIntersect,34.98648,,TimeOutsideGazeBounds,FacetoFaceIntersect,65.01352
22,FacetoFaceIntersect,P2,TRUE,102.8457,125.2269,228.0726,45.0934,54.9066,,TimeInsideGazeBounds,FacetoFaceIntersect,102.8457,,TimeOutsideGazeBounds,FacetoFaceIntersect,125.2269,,TimeOutsideGazeBounds,FacetoFaceIntersect,228.0726,,TimeOutsideGazeBounds,FacetoFaceIntersect,45.0934,,TimeOutsideGazeBounds,FacetoFaceIntersect,54.9066
23,FacetoFaceIntersect,P2,TRUE,83.90118,153.4728,237.374,35.34556,64.65443,,TimeInsideGazeBounds,FacetoFaceIntersect,83.90118,,TimeOutsideGazeBounds,FacetoFaceIntersect,153.4728,,TimeOutsideGazeBounds,FacetoFaceIntersect,237.374,,TimeOutsideGazeBounds,FacetoFaceIntersect,35.34556,,TimeOutsideGazeBounds,FacetoFaceIntersect,64.65443
24,FacetoFaceIntersect,P2,TRUE,133.5438,103.7891,237.3329,56.26855,43.73145,,TimeInsideGazeBounds,FacetoFaceIntersect,133.5438,,TimeOutsideGazeBounds,FacetoFaceIntersect,103.7891,,TimeOutsideGazeBounds,FacetoFaceIntersect,237.3329,,TimeOutsideGazeBounds,FacetoFaceIntersect,56.26855,,TimeOutsideGazeBounds,FacetoFaceIntersect,43.73145
3,FaceToFaceNoIntersect,P2,TRUE,23.23773,144.1059,167.3436,13.88624,86.11376,,TimeInsideGazeBounds,FaceToFaceNoIntersect,23.23773,,TimeInsideGazeBounds,FaceToFaceNoIntersect,144.1059,,TimeOutsideGazeBounds,FaceToFaceNoIntersect,167.3436,,TimeOutsideGazeBounds,FaceToFaceNoIntersect,13.88624,,TimeOutsideGazeBounds,FaceToFaceNoIntersect,86.11376
4,FaceToFaceNoIntersect,P2,TRUE,53.09738,114.2465,167.3439,31.7295,68.2705,,TimeInsideGazeBounds,FaceToFaceNoIntersect,53.09738,,TimeInsideGazeBounds,FaceToFaceNoIntersect,114.2465,,TimeOutsideGazeBounds,FaceToFaceNoIntersect,167.3439,,TimeOutsideGazeBounds,FaceToFaceNoIntersect,31.7295,,TimeOutsideGazeBounds,FaceToFaceNoIntersect,68.2705
5,FaceToFaceNoIntersect,P2,TRUE,35.29526,114.8083,150.1036,23.51394,76.48607,,TimeInsideGazeBounds,FaceToFaceNoIntersect,35.29526,,TimeInsideGazeBounds,FaceToFaceNoIntersect,114.8083,,TimeOutsideGazeBounds,FaceToFaceNoIntersect,150.1036,,TimeOutsideGazeBounds,FaceToFaceNoIntersect,23.51394,,TimeOutsideGazeBounds,FaceToFaceNoIntersect,76.48607
6,FaceToFaceNoIntersect,P2,TRUE,41.181,108.6143,149.7953,27.49152,72.50848,,TimeInsideGazeBounds,FaceToFaceNoIntersect,41.181,,TimeInsideGazeBounds,FaceToFaceNoIntersect,108.6143,,TimeOutsideGazeBounds,FaceToFaceNoIntersect,149.7953,,TimeOutsideGazeBounds,FaceToFaceNoIntersect,27.49152,,TimeOutsideGazeBounds,FaceToFaceNoIntersect,72.50848
7,FaceToFaceNoIntersect,P2,TRUE,41.30685,197.9597,239.2666,17.26395,82.73605,,TimeInsideGazeBounds,FaceToFaceNoIntersect,41.30685,,TimeInsideGazeBounds,FaceToFaceNoIntersect,197.9597,,TimeOutsideGazeBounds,FaceToFaceNoIntersect,239.2666,,TimeOutsideGazeBounds,FaceToFaceNoIntersect,17.26395,,TimeOutsideGazeBounds,FaceToFaceNoIntersect,82.73605
8,FaceToFaceNoIntersect,P2,TRUE,105.1779,133.7452,238.9231,44.02165,55.97835,,TimeInsideGazeBounds,FaceToFaceNoIntersect,105.1779,,TimeInsideGazeBounds,FaceToFaceNoIntersect,133.7452,,TimeOutsideGazeBounds,FaceToFaceNoIntersect,238.9231,,TimeOutsideGazeBounds,FaceToFaceNoIntersect,44.02165,,TimeOutsideGazeBounds,FaceToFaceNoIntersect,55.97835
9,FaceToFaceNoIntersect,P2,TRUE,25.91602,111.2361,137.1521,18.89583,81.10417,,TimeInsideGazeBounds,FaceToFaceNoIntersect,25.91602,,TimeInsideGazeBounds,FaceToFaceNoIntersect,111.2361,,TimeOutsideGazeBounds,FaceToFaceNoIntersect,137.1521,,TimeOutsideGazeBounds,FaceToFaceNoIntersect,18.89583,,TimeOutsideGazeBounds,FaceToFaceNoIntersect,81.10417
10,FaceToFaceNoIntersect,P2,TRUE,36.23563,100.5923,136.828,26.48262,73.51739,,TimeInsideGazeBounds,FaceToFaceNoIntersect,36.23563,,TimeInsideGazeBounds,FaceToFaceNoIntersect,100.5923,,TimeOutsideGazeBounds,FaceToFaceNoIntersect,136.828,,TimeOutsideGazeBounds,FaceToFaceNoIntersect,26.48262,,TimeOutsideGazeBounds,FaceToFaceNoIntersect,73.51739
11,FaceToFaceNoIntersect,P2,TRUE,42.42206,89.56122,131.9833,32.14199,67.858,,TimeInsideGazeBounds,FaceToFaceNoIntersect,42.42206,,TimeInsideGazeBounds,FaceToFaceNoIntersect,89.56122,,TimeOutsideGazeBounds,FaceToFaceNoIntersect,131.9833,,TimeOutsideGazeBounds,FaceToFaceNoIntersect,32.14199,,TimeOutsideGazeBounds,FaceToFaceNoIntersect,67.858
12,FaceToFaceNoIntersect,P2,TRUE,58.16293,73.6438,131.8067,44.12744,55.87256,,TimeInsideGazeBounds,FaceToFaceNoIntersect,58.16293,,TimeInsideGazeBounds,FaceToFaceNoIntersect,73.6438,,TimeOutsideGazeBounds,FaceToFaceNoIntersect,131.8067,,TimeOutsideGazeBounds,FaceToFaceNoIntersect,44.12744,,TimeOutsideGazeBounds,FaceToFaceNoIntersect,55.87256
13,FaceToFaceNoIntersect,P2,TRUE,112.6284,126.4144,239.0428,47.11641,52.88359,,TimeInsideGazeBounds,FaceToFaceNoIntersect,112.6284,,TimeInsideGazeBounds,FaceToFaceNoIntersect,126.4144,,TimeOutsideGazeBounds,FaceToFaceNoIntersect,239.0428,,TimeOutsideGazeBounds,FaceToFaceNoIntersect,47.11641,,TimeOutsideGazeBounds,FaceToFaceNoIntersect,52.88359
14,FaceToFaceNoIntersect,P2,TRUE,123.0264,116.1091,239.1355,51.4463,48.5537,,TimeInsideGazeBounds,FaceToFaceNoIntersect,123.0264,,TimeInsideGazeBounds,FaceToFaceNoIntersect,116.1091,,TimeOutsideGazeBounds,FaceToFaceNoIntersect,239.1355,,TimeOutsideGazeBounds,FaceToFaceNoIntersect,51.4463,,TimeOutsideGazeBounds,FaceToFaceNoIntersect,48.5537
15,FaceToFaceNoIntersect,P2,TRUE,42.30927,97.34082,139.6501,30.29663,69.70338,,TimeInsideGazeBounds,FaceToFaceNoIntersect,42.30927,,TimeInsideGazeBounds,FaceToFaceNoIntersect,97.34082,,TimeOutsideGazeBounds,FaceToFaceNoIntersect,139.6501,,TimeOutsideGazeBounds,FaceToFaceNoIntersect,30.29663,,TimeOutsideGazeBounds,FaceToFaceNoIntersect,69.70338
16,FaceToFaceNoIntersect,P2,TRUE,74.69461,65.4856,140.1802,53.28471,46.71529,,TimeInsideGazeBounds,FaceToFaceNoIntersect,74.69461,,TimeInsideGazeBounds,FaceToFaceNoIntersect,65.4856,,TimeOutsideGazeBounds,FaceToFaceNoIntersect,140.1802,,TimeOutsideGazeBounds,FaceToFaceNoIntersect,53.28471,,TimeOutsideGazeBounds,FaceToFaceNoIntersect,46.71529
17,FaceToFaceNoIntersect,P2,TRUE,34.38702,77.25432,111.6413,30.80133,69.19866,,TimeInsideGazeBounds,FaceToFaceNoIntersect,34.38702,,TimeInsideGazeBounds,FaceToFaceNoIntersect,77.25432,,TimeOutsideGazeBounds,FaceToFaceNoIntersect,111.6413,,TimeOutsideGazeBounds,FaceToFaceNoIntersect,30.80133,,TimeOutsideGazeBounds,FaceToFaceNoIntersect,69.19866
18,FaceToFaceNoIntersect,P2,TRUE,59.32057,52.10135,111.4219,53.23959,46.76041,,TimeInsideGazeBounds,FaceToFaceNoIntersect,59.32057,,TimeInsideGazeBounds,FaceToFaceNoIntersect,52.10135,,TimeOutsideGazeBounds,FaceToFaceNoIntersect,111.4219,,TimeOutsideGazeBounds,FaceToFaceNoIntersect,53.23959,,TimeOutsideGazeBounds,FaceToFaceNoIntersect,46.76041
19,FaceToFaceNoIntersect,P2,TRUE,58.8866,137.4866,196.3732,29.98709,70.01291,,TimeInsideGazeBounds,FaceToFaceNoIntersect,58.8866,,TimeInsideGazeBounds,FaceToFaceNoIntersect,137.4866,,TimeOutsideGazeBounds,FaceToFaceNoIntersect,196.3732,,TimeOutsideGazeBounds,FaceToFaceNoIntersect,29.98709,,TimeOutsideGazeBounds,FaceToFaceNoIntersect,70.01291
20,FaceToFaceNoIntersect,P2,TRUE,86.91577,109.6069,196.5226,44.22685,55.77315,,TimeInsideGazeBounds,FaceToFaceNoIntersect,86.91577,,TimeInsideGazeBounds,FaceToFaceNoIntersect,109.6069,,TimeOutsideGazeBounds,FaceToFaceNoIntersect,196.5226,,TimeOutsideGazeBounds,FaceToFaceNoIntersect,44.22685,,TimeOutsideGazeBounds,FaceToFaceNoIntersect,55.77315
21,FaceToFaceNoIntersect,P2,TRUE,27.87338,59.89017,87.76355,31.75963,68.24036,,TimeInsideGazeBounds,FaceToFaceNoIntersect,27.87338,,TimeInsideGazeBounds,FaceToFaceNoIntersect,59.89017,,TimeOutsideGazeBounds,FaceToFaceNoIntersect,87.76355,,TimeOutsideGazeBounds,FaceToFaceNoIntersect,31.75963,,TimeOutsideGazeBounds,FaceToFaceNoIntersect,68.24036
22,FaceToFaceNoIntersect,P2,TRUE,63.02417,24.65283,87.677,71.88222,28.11779,,TimeInsideGazeBounds,FaceToFaceNoIntersect,63.02417,,TimeInsideGazeBounds,FaceToFaceNoIntersect,24.65283,,TimeOutsideGazeBounds,FaceToFaceNoIntersect,87.677,,TimeOutsideGazeBounds,FaceToFaceNoIntersect,71.88222,,TimeOutsideGazeBounds,FaceToFaceNoIntersect,28.11779
23,FaceToFaceNoIntersect,P2,TRUE,32.0441,92.75211,124.7962,25.67714,74.32286,,TimeInsideGazeBounds,FaceToFaceNoIntersect,32.0441,,TimeInsideGazeBounds,FaceToFaceNoIntersect,92.75211,,TimeOutsideGazeBounds,FaceToFaceNoIntersect,124.7962,,TimeOutsideGazeBounds,FaceToFaceNoIntersect,25.67714,,TimeOutsideGazeBounds,FaceToFaceNoIntersect,74.32286
24,FaceToFaceNoIntersect,P2,TRUE,54.95325,70.08224,125.0355,43.95012,56.04988,,TimeInsideGazeBounds,FaceToFaceNoIntersect,54.95325,,TimeInsideGazeBounds,FaceToFaceNoIntersect,70.08224,,TimeOutsideGazeBounds,FaceToFaceNoIntersect,125.0355,,TimeOutsideGazeBounds,FaceToFaceNoIntersect,43.95012,,TimeOutsideGazeBounds,FaceToFaceNoIntersect,56.04988
3,SideBySide,P2,TRUE,79.23358,159.0818,238.3154,33.24736,66.75263,,TimeInsideGazeBounds,SideBySide,79.23358,,TimeInsideGazeBounds,SideBySide,159.0818,,TimeOutsideGazeBounds,SideBySide,238.3154,,TimeOutsideGazeBounds,SideBySide,33.24736,,TimeOutsideGazeBounds,SideBySide,66.75263
4,SideBySide,P2,TRUE,124.508,114.712,239.22,52.04748,47.95252,,TimeInsideGazeBounds,SideBySide,124.508,,TimeInsideGazeBounds,SideBySide,114.712,,TimeOutsideGazeBounds,SideBySide,239.22,,TimeOutsideGazeBounds,SideBySide,52.04748,,TimeOutsideGazeBounds,SideBySide,47.95252
5,SideBySide,P2,TRUE,30.46533,57.68008,88.14542,34.56258,65.43742,,TimeInsideGazeBounds,SideBySide,30.46533,,TimeInsideGazeBounds,SideBySide,57.68008,,TimeOutsideGazeBounds,SideBySide,88.14542,,TimeOutsideGazeBounds,SideBySide,34.56258,,TimeOutsideGazeBounds,SideBySide,65.43742
6,SideBySide,P2,TRUE,14.44263,73.77606,88.21869,16.37139,83.62861,,TimeInsideGazeBounds,SideBySide,14.44263,,TimeInsideGazeBounds,SideBySide,73.77606,,TimeOutsideGazeBounds,SideBySide,88.21869,,TimeOutsideGazeBounds,SideBySide,16.37139,,TimeOutsideGazeBounds,SideBySide,83.62861
7,SideBySide,P2,TRUE,30.47244,137.9438,168.4162,18.09353,81.90646,,TimeInsideGazeBounds,SideBySide,30.47244,,TimeInsideGazeBounds,SideBySide,137.9438,,TimeOutsideGazeBounds,SideBySide,168.4162,,TimeOutsideGazeBounds,SideBySide,18.09353,,TimeOutsideGazeBounds,SideBySide,81.90646
8,SideBySide,P2,TRUE,55.79712,112.3282,168.1253,33.18782,66.81218,,TimeInsideGazeBounds,SideBySide,55.79712,,TimeInsideGazeBounds,SideBySide,112.3282,,TimeOutsideGazeBounds,SideBySide,168.1253,,TimeOutsideGazeBounds,SideBySide,33.18782,,TimeOutsideGazeBounds,SideBySide,66.81218
9,SideBySide,P2,TRUE,79.28873,154.6726,233.9613,33.88968,66.11032,,TimeInsideGazeBounds,SideBySide,79.28873,,TimeInsideGazeBounds,SideBySide,154.6726,,TimeOutsideGazeBounds,SideBySide,233.9613,,TimeOutsideGazeBounds,SideBySide,33.88968,,TimeOutsideGazeBounds,SideBySide,66.11032
10,SideBySide,P2,TRUE,112.9923,121.2739,234.2663,48.23244,51.76756,,TimeInsideGazeBounds,SideBySide,112.9923,,TimeInsideGazeBounds,SideBySide,121.2739,,TimeOutsideGazeBounds,SideBySide,234.2663,,TimeOutsideGazeBounds,SideBySide,48.23244,,TimeOutsideGazeBounds,SideBySide,51.76756
11,SideBySide,P2,TRUE,55.6514,153.5869,209.2383,26.59713,73.40287,,TimeInsideGazeBounds,SideBySide,55.6514,,TimeInsideGazeBounds,SideBySide,153.5869,,TimeOutsideGazeBounds,SideBySide,209.2383,,TimeOutsideGazeBounds,SideBySide,26.59713,,TimeOutsideGazeBounds,SideBySide,73.40287
12,SideBySide,P2,TRUE,86.34689,123.0127,209.3596,41.24334,58.75666,,TimeInsideGazeBounds,SideBySide,86.34689,,TimeInsideGazeBounds,SideBySide,123.0127,,TimeOutsideGazeBounds,SideBySide,209.3596,,TimeOutsideGazeBounds,SideBySide,41.24334,,TimeOutsideGazeBounds,SideBySide,58.75666
13,SideBySide,P2,TRUE,15.28314,87.17886,102.462,14.91591,85.08409,,TimeInsideGazeBounds,SideBySide,15.28314,,TimeInsideGazeBounds,SideBySide,87.17886,,TimeOutsideGazeBounds,SideBySide,102.462,,TimeOutsideGazeBounds,SideBySide,14.91591,,TimeOutsideGazeBounds,SideBySide,85.08409
14,SideBySide,P2,TRUE,36.77991,65.44739,102.2273,35.97856,64.02144,,TimeInsideGazeBounds,SideBySide,36.77991,,TimeInsideGazeBounds,SideBySide,65.44739,,TimeOutsideGazeBounds,SideBySide,102.2273,,TimeOutsideGazeBounds,SideBySide,35.97856,,TimeOutsideGazeBounds,SideBySide,64.02144
15,SideBySide,P2,TRUE,18.19421,114.5641,132.7584,13.70476,86.29524,,TimeInsideGazeBounds,SideBySide,18.19421,,TimeInsideGazeBounds,SideBySide,114.5641,,TimeOutsideGazeBounds,SideBySide,132.7584,,TimeOutsideGazeBounds,SideBySide,13.70476,,TimeOutsideGazeBounds,SideBySide,86.29524
16,SideBySide,P2,TRUE,18.08139,114.63,132.7114,13.62459,86.3754,,TimeInsideGazeBounds,SideBySide,18.08139,,TimeInsideGazeBounds,SideBySide,114.63,,TimeOutsideGazeBounds,SideBySide,132.7114,,TimeOutsideGazeBounds,SideBySide,13.62459,,TimeOutsideGazeBounds,SideBySide,86.3754
17,SideBySide,P2,TRUE,39.91107,152.6065,192.5175,20.73113,79.26887,,TimeInsideGazeBounds,SideBySide,39.91107,,TimeInsideGazeBounds,SideBySide,152.6065,,TimeOutsideGazeBounds,SideBySide,192.5175,,TimeOutsideGazeBounds,SideBySide,20.73113,,TimeOutsideGazeBounds,SideBySide,79.26887
18,SideBySide,P2,TRUE,107.2632,85.96683,193.23,55.51062,44.48938,,TimeInsideGazeBounds,SideBySide,107.2632,,TimeInsideGazeBounds,SideBySide,85.96683,,TimeOutsideGazeBounds,SideBySide,193.23,,TimeOutsideGazeBounds,SideBySide,55.51062,,TimeOutsideGazeBounds,SideBySide,44.48938
19,SideBySide,P2,TRUE,15.47076,97.69565,113.1664,13.67081,86.32919,,TimeInsideGazeBounds,SideBySide,15.47076,,TimeInsideGazeBounds,SideBySide,97.69565,,TimeOutsideGazeBounds,SideBySide,113.1664,,TimeOutsideGazeBounds,SideBySide,13.67081,,TimeOutsideGazeBounds,SideBySide,86.32919
20,SideBySide,P2,TRUE,39.92834,72.91666,112.845,35.38335,64.61665,,TimeInsideGazeBounds,SideBySide,39.92834,,TimeInsideGazeBounds,SideBySide,72.91666,,TimeOutsideGazeBounds,SideBySide,112.845,,TimeOutsideGazeBounds,SideBySide,35.38335,,TimeOutsideGazeBounds,SideBySide,64.61665
21,SideBySide,P2,TRUE,23.5546,72.2363,95.79089,24.5896,75.4104,,TimeInsideGazeBounds,SideBySide,23.5546,,TimeInsideGazeBounds,SideBySide,72.2363,,TimeOutsideGazeBounds,SideBySide,95.79089,,TimeOutsideGazeBounds,SideBySide,24.5896,,TimeOutsideGazeBounds,SideBySide,75.4104
22,SideBySide,P2,TRUE,50.7579,45.28424,96.04214,52.84962,47.15038,,TimeInsideGazeBounds,SideBySide,50.7579,,TimeInsideGazeBounds,SideBySide,45.28424,,TimeOutsideGazeBounds,SideBySide,96.04214,,TimeOutsideGazeBounds,SideBySide,52.84962,,TimeOutsideGazeBounds,SideBySide,47.15038
23,SideBySide,P2,TRUE,59.29938,179.5552,238.8546,24.82656,75.17344,,TimeInsideGazeBounds,SideBySide,59.29938,,TimeInsideGazeBounds,SideBySide,179.5552,,TimeOutsideGazeBounds,SideBySide,238.8546,,TimeOutsideGazeBounds,SideBySide,24.82656,,TimeOutsideGazeBounds,SideBySide,75.17344
24,SideBySide,P2,TRUE,77.06128,162.1347,239.196,32.21679,67.7832,,TimeInsideGazeBounds,SideBySide,77.06128,,TimeInsideGazeBounds,SideBySide,162.1347,,TimeOutsideGazeBounds,SideBySide,239.196,,TimeOutsideGazeBounds,SideBySide,32.21679,,TimeOutsideGazeBounds,SideBySide,67.7832
